id,Hardness
10407,6
10408,6
10409,6
10410,6
10411,6
10412,6
10413,6
10414,6
10415,6
10416,6
10417,6
10418,6
10419,6
10420,6
10421,6
10422,6
10423,6
10424,6
10425,6
10426,6
10427,2
10428,6
10429,6
10430,6
10431,6
10432,6
10433,6
10434,6
10435,6
10436,6
10437,6
10438,6
10439,6
10440,6
10441,6
10442,6
10443,2
10444,6
10445,6
10446,6
10447,6
10448,6
10449,6
10450,6
10451,6
10452,6
10453,6
10454,6
10455,2
10456,6
10457,6
10458,6
10459,6
10460,6
10461,6
10462,6
10463,6
10464,6
10465,2
10466,6
10467,6
10468,2
10469,6
10470,6
10471,6
10472,2
10473,6
10474,6
10475,6
10476,6
10477,6
10478,6
10479,6
10480,6
10481,6
10482,6
10483,6
10484,6
10485,6
10486,6
10487,2
10488,6
10489,6
10490,6
10491,6
10492,6
10493,2
10494,6
10495,2
10496,6
10497,6
10498,6
10499,6
10500,6
10501,2
10502,6
10503,6
10504,6
10505,6
10506,6
10507,6
10508,6
10509,2
10510,6
10511,6
10512,6
10513,6
10514,6
10515,6
10516,6
10517,6
10518,6
10519,6
10520,6
10521,6
10522,6
10523,6
10524,6
10525,6
10526,6
10527,6
10528,6
10529,6
10530,2
10531,6
10532,6
10533,6
10534,6
10535,6
10536,6
10537,6
10538,6
10539,6
10540,2
10541,2
10542,6
10543,6
10544,6
10545,6
10546,6
10547,6
10548,6
10549,6
10550,6
10551,6
10552,6
10553,6
10554,6
10555,6
10556,6
10557,6
10558,6
10559,6
10560,6
10561,6
10562,6
10563,6
10564,6
10565,6
10566,2
10567,6
10568,6
10569,6
10570,6
10571,6
10572,6
10573,6
10574,6
10575,6
10576,6
10577,6
10578,6
10579,6
10580,6
10581,6
10582,6
10583,6
10584,6
10585,2
10586,6
10587,6
10588,2
10589,6
10590,6
10591,6
10592,6
10593,6
10594,6
10595,6
10596,6
10597,6
10598,6
10599,6
10600,6
10601,6
10602,2
10603,6
10604,6
10605,6
10606,2
10607,6
10608,6
10609,6
10610,6
10611,6
10612,6
10613,6
10614,6
10615,6
10616,6
10617,6
10618,2
10619,6
10620,6
10621,6
10622,6
10623,6
10624,6
10625,6
10626,6
10627,6
10628,6
10629,6
10630,6
10631,6
10632,6
10633,2
10634,6
10635,6
10636,6
10637,6
10638,2
10639,6
10640,6
10641,6
10642,6
10643,6
10644,6
10645,6
10646,6
10647,6
10648,6
10649,6
10650,2
10651,6
10652,6
10653,6
10654,6
10655,6
10656,6
10657,6
10658,6
10659,6
10660,2
10661,6
10662,6
10663,6
10664,6
10665,6
10666,6
10667,6
10668,6
10669,6
10670,6
10671,6
10672,2
10673,6
10674,6
10675,6
10676,6
10677,6
10678,6
10679,2
10680,6
10681,6
10682,6
10683,6
10684,2
10685,6
10686,6
10687,6
10688,6
10689,6
10690,6
10691,6
10692,6
10693,6
10694,6
10695,6
10696,6
10697,6
10698,6
10699,6
10700,6
10701,6
10702,6
10703,6
10704,6
10705,6
10706,6
10707,6
10708,6
10709,6
10710,6
10711,6
10712,6
10713,2
10714,2
10715,6
10716,6
10717,6
10718,6
10719,6
10720,6
10721,6
10722,2
10723,6
10724,6
10725,6
10726,2
10727,6
10728,2
10729,6
10730,6
10731,6
10732,2
10733,2
10734,6
10735,6
10736,6
10737,6
10738,6
10739,6
10740,2
10741,6
10742,6
10743,6
10744,6
10745,6
10746,6
10747,6
10748,6
10749,6
10750,6
10751,6
10752,6
10753,6
10754,6
10755,6
10756,6
10757,6
10758,6
10759,6
10760,6
10761,6
10762,6
10763,6
10764,6
10765,6
10766,6
10767,6
10768,6
10769,6
10770,6
10771,2
10772,6
10773,2
10774,6
10775,6
10776,6
10777,6
10778,6
10779,6
10780,6
10781,6
10782,6
10783,6
10784,6
10785,6
10786,6
10787,6
10788,6
10789,6
10790,6
10791,6
10792,6
10793,6
10794,6
10795,6
10796,6
10797,6
10798,6
10799,6
10800,6
10801,6
10802,6
10803,6
10804,6
10805,6
10806,6
10807,6
10808,6
10809,2
10810,6
10811,6
10812,6
10813,6
10814,6
10815,2
10816,6
10817,6
10818,6
10819,6
10820,6
10821,2
10822,2
10823,6
10824,6
10825,6
10826,6
10827,6
10828,2
10829,6
10830,6
10831,6
10832,6
10833,6
10834,6
10835,6
10836,6
10837,6
10838,6
10839,6
10840,6
10841,6
10842,6
10843,6
10844,6
10845,6
10846,6
10847,6
10848,6
10849,6
10850,6
10851,2
10852,6
10853,6
10854,6
10855,6
10856,6
10857,6
10858,6
10859,6
10860,6
10861,6
10862,6
10863,2
10864,6
10865,6
10866,6
10867,6
10868,6
10869,6
10870,6
10871,6
10872,2
10873,6
10874,6
10875,6
10876,6
10877,6
10878,6
10879,6
10880,6
10881,6
10882,6
10883,6
10884,6
10885,6
10886,2
10887,6
10888,6
10889,6
10890,6
10891,6
10892,6
10893,2
10894,6
10895,6
10896,6
10897,6
10898,6
10899,6
10900,6
10901,6
10902,6
10903,6
10904,6
10905,6
10906,2
10907,6
10908,6
10909,6
10910,6
10911,6
10912,6
10913,6
10914,6
10915,6
10916,6
10917,6
10918,6
10919,6
10920,6
10921,6
10922,6
10923,6
10924,6
10925,6
10926,6
10927,6
10928,2
10929,2
10930,6
10931,2
10932,6
10933,6
10934,6
10935,6
10936,2
10937,6
10938,6
10939,6
10940,6
10941,6
10942,6
10943,6
10944,6
10945,6
10946,6
10947,6
10948,6
10949,2
10950,6
10951,6
10952,6
10953,6
10954,6
10955,6
10956,6
10957,6
10958,6
10959,6
10960,2
10961,6
10962,6
10963,2
10964,6
10965,6
10966,6
10967,6
10968,6
10969,6
10970,6
10971,6
10972,6
10973,6
10974,6
10975,2
10976,6
10977,6
10978,6
10979,6
10980,6
10981,6
10982,6
10983,6
10984,6
10985,2
10986,6
10987,6
10988,6
10989,6
10990,6
10991,2
10992,6
10993,2
10994,6
10995,6
10996,6
10997,6
10998,6
10999,6
11000,6
11001,6
11002,2
11003,6
11004,6
11005,2
11006,6
11007,6
11008,6
11009,6
11010,6
11011,6
11012,6
11013,6
11014,6
11015,6
11016,6
11017,6
11018,6
11019,6
11020,6
11021,6
11022,6
11023,6
11024,6
11025,6
11026,6
11027,6
11028,6
11029,2
11030,6
11031,6
11032,6
11033,6
11034,2
11035,6
11036,6
11037,6
11038,6
11039,6
11040,6
11041,6
11042,2
11043,2
11044,6
11045,6
11046,2
11047,6
11048,6
11049,6
11050,2
11051,6
11052,2
11053,6
11054,6
11055,6
11056,6
11057,6
11058,6
11059,6
11060,6
11061,6
11062,6
11063,6
11064,6
11065,6
11066,6
11067,6
11068,6
11069,6
11070,6
11071,6
11072,6
11073,6
11074,6
11075,6
11076,6
11077,6
11078,6
11079,6
11080,2
11081,6
11082,6
11083,6
11084,6
11085,6
11086,6
11087,6
11088,2
11089,6
11090,6
11091,2
11092,6
11093,6
11094,6
11095,6
11096,6
11097,6
11098,6
11099,6
11100,6
11101,6
11102,6
11103,6
11104,6
11105,6
11106,6
11107,6
11108,6
11109,6
11110,6
11111,6
11112,6
11113,6
11114,6
11115,6
11116,6
11117,6
11118,6
11119,6
11120,6
11121,6
11122,6
11123,6
11124,6
11125,6
11126,6
11127,6
11128,6
11129,6
11130,6
11131,6
11132,6
11133,6
11134,6
11135,6
11136,6
11137,6
11138,6
11139,6
11140,6
11141,6
11142,6
11143,6
11144,6
11145,6
11146,6
11147,6
11148,6
11149,6
11150,6
11151,6
11152,6
11153,6
11154,6
11155,6
11156,6
11157,6
11158,6
11159,6
11160,6
11161,6
11162,6
11163,6
11164,6
11165,6
11166,6
11167,6
11168,6
11169,6
11170,6
11171,6
11172,6
11173,6
11174,6
11175,6
11176,6
11177,6
11178,6
11179,6
11180,6
11181,6
11182,6
11183,6
11184,6
11185,6
11186,6
11187,6
11188,6
11189,6
11190,6
11191,6
11192,6
11193,6
11194,6
11195,6
11196,6
11197,6
11198,6
11199,6
11200,6
11201,6
11202,6
11203,2
11204,6
11205,6
11206,6
11207,6
11208,6
11209,6
11210,6
11211,6
11212,6
11213,6
11214,6
11215,6
11216,6
11217,6
11218,6
11219,2
11220,2
11221,6
11222,6
11223,6
11224,6
11225,6
11226,6
11227,6
11228,6
11229,6
11230,6
11231,6
11232,2
11233,6
11234,6
11235,6
11236,6
11237,6
11238,6
11239,6
11240,6
11241,6
11242,6
11243,6
11244,6
11245,6
11246,6
11247,2
11248,6
11249,2
11250,6
11251,6
11252,6
11253,6
11254,6
11255,6
11256,6
11257,6
11258,6
11259,6
11260,2
11261,6
11262,6
11263,6
11264,6
11265,6
11266,6
11267,2
11268,6
11269,6
11270,6
11271,6
11272,6
11273,6
11274,6
11275,6
11276,6
11277,6
11278,6
11279,6
11280,6
11281,6
11282,6
11283,6
11284,6
11285,6
11286,6
11287,6
11288,6
11289,6
11290,6
11291,6
11292,6
11293,6
11294,6
11295,6
11296,6
11297,6
11298,6
11299,6
11300,2
11301,2
11302,6
11303,6
11304,6
11305,6
11306,6
11307,6
11308,6
11309,6
11310,6
11311,6
11312,2
11313,6
11314,6
11315,6
11316,6
11317,6
11318,6
11319,2
11320,6
11321,6
11322,6
11323,6
11324,2
11325,6
11326,6
11327,2
11328,6
11329,6
11330,6
11331,6
11332,6
11333,6
11334,6
11335,6
11336,2
11337,6
11338,6
11339,6
11340,6
11341,6
11342,6
11343,2
11344,6
11345,6
11346,6
11347,6
11348,6
11349,6
11350,6
11351,6
11352,2
11353,2
11354,2
11355,6
11356,6
11357,6
11358,6
11359,6
11360,6
11361,6
11362,6
11363,6
11364,6
11365,6
11366,6
11367,6
11368,6
11369,6
11370,6
11371,6
11372,6
11373,6
11374,6
11375,6
11376,6
11377,6
11378,6
11379,6
11380,6
11381,6
11382,6
11383,6
11384,6
11385,6
11386,6
11387,6
11388,6
11389,6
11390,6
11391,2
11392,6
11393,6
11394,6
11395,6
11396,6
11397,6
11398,6
11399,6
11400,6
11401,6
11402,6
11403,6
11404,6
11405,6
11406,6
11407,6
11408,6
11409,6
11410,6
11411,6
11412,6
11413,6
11414,6
11415,6
11416,6
11417,6
11418,6
11419,6
11420,6
11421,6
11422,6
11423,6
11424,6
11425,6
11426,6
11427,6
11428,2
11429,6
11430,6
11431,2
11432,6
11433,6
11434,2
11435,6
11436,6
11437,6
11438,6
11439,6
11440,6
11441,2
11442,2
11443,6
11444,6
11445,6
11446,6
11447,6
11448,6
11449,6
11450,6
11451,6
11452,6
11453,6
11454,6
11455,6
11456,2
11457,6
11458,6
11459,2
11460,6
11461,6
11462,6
11463,2
11464,6
11465,6
11466,6
11467,6
11468,6
11469,6
11470,6
11471,6
11472,6
11473,6
11474,6
11475,6
11476,6
11477,6
11478,6
11479,6
11480,6
11481,6
11482,6
11483,6
11484,6
11485,6
11486,6
11487,6
11488,6
11489,6
11490,6
11491,6
11492,6
11493,6
11494,6
11495,6
11496,6
11497,6
11498,6
11499,2
11500,6
11501,6
11502,6
11503,6
11504,6
11505,6
11506,6
11507,6
11508,6
11509,6
11510,6
11511,6
11512,2
11513,2
11514,6
11515,6
11516,6
11517,6
11518,6
11519,6
11520,6
11521,2
11522,6
11523,6
11524,6
11525,6
11526,6
11527,6
11528,6
11529,6
11530,2
11531,6
11532,6
11533,6
11534,6
11535,6
11536,6
11537,6
11538,6
11539,6
11540,6
11541,6
11542,6
11543,6
11544,6
11545,6
11546,6
11547,6
11548,6
11549,6
11550,6
11551,6
11552,6
11553,6
11554,6
11555,6
11556,6
11557,6
11558,6
11559,6
11560,6
11561,6
11562,6
11563,6
11564,6
11565,6
11566,6
11567,6
11568,6
11569,6
11570,6
11571,6
11572,6
11573,6
11574,6
11575,6
11576,6
11577,6
11578,6
11579,6
11580,6
11581,2
11582,6
11583,2
11584,6
11585,6
11586,6
11587,6
11588,6
11589,6
11590,6
11591,6
11592,6
11593,6
11594,6
11595,6
11596,6
11597,6
11598,6
11599,2
11600,6
11601,6
11602,6
11603,6
11604,6
11605,6
11606,6
11607,6
11608,6
11609,6
11610,6
11611,6
11612,6
11613,6
11614,6
11615,6
11616,2
11617,6
11618,2
11619,6
11620,6
11621,6
11622,6
11623,6
11624,6
11625,6
11626,6
11627,2
11628,6
11629,6
11630,2
11631,6
11632,6
11633,6
11634,6
11635,6
11636,6
11637,6
11638,6
11639,6
11640,2
11641,6
11642,6
11643,6
11644,6
11645,6
11646,6
11647,6
11648,6
11649,6
11650,6
11651,6
11652,6
11653,6
11654,2
11655,6
11656,6
11657,6
11658,6
11659,6
11660,6
11661,6
11662,6
11663,6
11664,2
11665,6
11666,6
11667,6
11668,6
11669,6
11670,6
11671,6
11672,6
11673,6
11674,6
11675,6
11676,6
11677,6
11678,6
11679,2
11680,6
11681,6
11682,6
11683,6
11684,6
11685,2
11686,6
11687,6
11688,6
11689,2
11690,6
11691,2
11692,6
11693,2
11694,6
11695,6
11696,6
11697,6
11698,6
11699,2
11700,6
11701,6
11702,6
11703,6
11704,6
11705,6
11706,6
11707,6
11708,6
11709,2
11710,6
11711,6
11712,6
11713,2
11714,6
11715,6
11716,6
11717,6
11718,6
11719,6
11720,6
11721,6
11722,6
11723,6
11724,6
11725,6
11726,6
11727,6
11728,6
11729,6
11730,6
11731,6
11732,6
11733,6
11734,2
11735,6
11736,2
11737,6
11738,6
11739,6
11740,6
11741,6
11742,6
11743,6
11744,2
11745,6
11746,6
11747,6
11748,6
11749,6
11750,6
11751,6
11752,6
11753,6
11754,6
11755,6
11756,6
11757,6
11758,6
11759,6
11760,6
11761,6
11762,6
11763,6
11764,6
11765,6
11766,6
11767,6
11768,2
11769,6
11770,6
11771,6
11772,6
11773,6
11774,2
11775,6
11776,6
11777,6
11778,6
11779,6
11780,6
11781,6
11782,6
11783,6
11784,6
11785,6
11786,6
11787,6
11788,6
11789,6
11790,6
11791,6
11792,2
11793,2
11794,6
11795,6
11796,6
11797,6
11798,6
11799,6
11800,6
11801,6
11802,6
11803,2
11804,6
11805,6
11806,6
11807,6
11808,6
11809,6
11810,6
11811,6
11812,6
11813,6
11814,6
11815,6
11816,6
11817,6
11818,6
11819,6
11820,6
11821,6
11822,6
11823,6
11824,6
11825,6
11826,6
11827,2
11828,6
11829,6
11830,6
11831,6
11832,6
11833,6
11834,6
11835,6
11836,6
11837,6
11838,6
11839,6
11840,6
11841,6
11842,6
11843,6
11844,6
11845,6
11846,6
11847,6
11848,6
11849,6
11850,6
11851,6
11852,6
11853,6
11854,6
11855,6
11856,6
11857,2
11858,6
11859,6
11860,6
11861,6
11862,6
11863,2
11864,6
11865,6
11866,6
11867,6
11868,6
11869,6
11870,6
11871,6
11872,6
11873,6
11874,6
11875,6
11876,6
11877,6
11878,6
11879,6
11880,6
11881,6
11882,6
11883,6
11884,6
11885,2
11886,6
11887,2
11888,2
11889,6
11890,6
11891,6
11892,2
11893,6
11894,6
11895,6
11896,6
11897,6
11898,6
11899,2
11900,6
11901,6
11902,2
11903,6
11904,2
11905,6
11906,6
11907,6
11908,6
11909,6
11910,6
11911,2
11912,6
11913,2
11914,6
11915,6
11916,6
11917,6
11918,6
11919,6
11920,2
11921,6
11922,6
11923,2
11924,6
11925,6
11926,6
11927,6
11928,6
11929,2
11930,6
11931,6
11932,6
11933,6
11934,6
11935,6
11936,6
11937,2
11938,6
11939,6
11940,6
11941,6
11942,6
11943,6
11944,6
11945,6
11946,6
11947,6
11948,6
11949,6
11950,6
11951,6
11952,6
11953,6
11954,6
11955,6
11956,6
11957,6
11958,6
11959,2
11960,6
11961,2
11962,6
11963,6
11964,6
11965,2
11966,6
11967,6
11968,6
11969,6
11970,6
11971,6
11972,6
11973,6
11974,6
11975,6
11976,6
11977,6
11978,6
11979,6
11980,6
11981,6
11982,6
11983,6
11984,6
11985,6
11986,6
11987,6
11988,6
11989,6
11990,6
11991,2
11992,6
11993,6
11994,6
11995,6
11996,6
11997,6
11998,6
11999,6
12000,6
12001,6
12002,2
12003,6
12004,6
12005,6
12006,6
12007,6
12008,6
12009,2
12010,6
12011,6
12012,2
12013,6
12014,6
12015,6
12016,6
12017,2
12018,6
12019,6
12020,6
12021,6
12022,2
12023,6
12024,6
12025,6
12026,6
12027,6
12028,6
12029,6
12030,6
12031,6
12032,2
12033,6
12034,6
12035,6
12036,6
12037,6
12038,6
12039,6
12040,6
12041,6
12042,6
12043,6
12044,6
12045,2
12046,6
12047,6
12048,6
12049,6
12050,6
12051,6
12052,6
12053,6
12054,6
12055,6
12056,6
12057,6
12058,6
12059,6
12060,6
12061,6
12062,6
12063,6
12064,6
12065,6
12066,2
12067,6
12068,6
12069,6
12070,6
12071,6
12072,6
12073,6
12074,6
12075,6
12076,6
12077,6
12078,6
12079,6
12080,6
12081,6
12082,6
12083,6
12084,6
12085,6
12086,6
12087,2
12088,6
12089,2
12090,6
12091,2
12092,6
12093,6
12094,6
12095,6
12096,6
12097,6
12098,6
12099,6
12100,6
12101,6
12102,6
12103,2
12104,6
12105,6
12106,6
12107,6
12108,6
12109,6
12110,6
12111,6
12112,2
12113,6
12114,2
12115,6
12116,6
12117,2
12118,6
12119,6
12120,6
12121,6
12122,6
12123,2
12124,6
12125,6
12126,6
12127,6
12128,6
12129,6
12130,6
12131,2
12132,6
12133,6
12134,6
12135,6
12136,6
12137,6
12138,6
12139,2
12140,6
12141,6
12142,2
12143,6
12144,6
12145,6
12146,2
12147,6
12148,2
12149,6
12150,6
12151,6
12152,6
12153,6
12154,2
12155,6
12156,6
12157,6
12158,2
12159,6
12160,6
12161,6
12162,6
12163,6
12164,6
12165,6
12166,6
12167,6
12168,6
12169,6
12170,6
12171,6
12172,6
12173,6
12174,6
12175,6
12176,6
12177,6
12178,6
12179,6
12180,6
12181,6
12182,6
12183,6
12184,2
12185,6
12186,2
12187,6
12188,6
12189,6
12190,6
12191,6
12192,2
12193,6
12194,6
12195,6
12196,6
12197,6
12198,6
12199,6
12200,2
12201,6
12202,6
12203,6
12204,6
12205,6
12206,6
12207,2
12208,6
12209,6
12210,6
12211,6
12212,6
12213,6
12214,6
12215,6
12216,6
12217,6
12218,6
12219,6
12220,2
12221,6
12222,6
12223,2
12224,6
12225,6
12226,6
12227,6
12228,6
12229,6
12230,6
12231,6
12232,6
12233,6
12234,6
12235,6
12236,6
12237,2
12238,6
12239,6
12240,6
12241,6
12242,6
12243,6
12244,6
12245,6
12246,6
12247,6
12248,6
12249,6
12250,6
12251,6
12252,6
12253,2
12254,2
12255,6
12256,6
12257,6
12258,2
12259,2
12260,6
12261,6
12262,6
12263,6
12264,6
12265,6
12266,6
12267,6
12268,6
12269,6
12270,6
12271,6
12272,6
12273,6
12274,6
12275,2
12276,6
12277,6
12278,6
12279,6
12280,6
12281,6
12282,6
12283,6
12284,6
12285,6
12286,6
12287,6
12288,6
12289,6
12290,6
12291,6
12292,2
12293,6
12294,6
12295,6
12296,6
12297,6
12298,6
12299,2
12300,6
12301,6
12302,6
12303,6
12304,2
12305,2
12306,6
12307,6
12308,6
12309,6
12310,6
12311,6
12312,6
12313,6
12314,6
12315,6
12316,2
12317,6
12318,6
12319,6
12320,6
12321,6
12322,6
12323,2
12324,6
12325,6
12326,6
12327,6
12328,2
12329,6
12330,6
12331,6
12332,6
12333,2
12334,6
12335,6
12336,6
12337,6
12338,6
12339,6
12340,6
12341,6
12342,6
12343,6
12344,6
12345,6
12346,6
12347,6
12348,6
12349,6
12350,6
12351,6
12352,6
12353,6
12354,6
12355,6
12356,6
12357,6
12358,6
12359,6
12360,6
12361,6
12362,6
12363,6
12364,6
12365,6
12366,6
12367,6
12368,6
12369,6
12370,6
12371,6
12372,6
12373,6
12374,6
12375,6
12376,6
12377,2
12378,6
12379,6
12380,6
12381,6
12382,6
12383,6
12384,6
12385,6
12386,6
12387,6
12388,6
12389,6
12390,6
12391,6
12392,6
12393,6
12394,6
12395,6
12396,6
12397,6
12398,6
12399,6
12400,6
12401,6
12402,6
12403,6
12404,6
12405,6
12406,6
12407,6
12408,6
12409,6
12410,6
12411,6
12412,2
12413,6
12414,6
12415,6
12416,6
12417,6
12418,6
12419,6
12420,6
12421,6
12422,6
12423,6
12424,6
12425,6
12426,6
12427,6
12428,6
12429,6
12430,6
12431,6
12432,6
12433,6
12434,6
12435,6
12436,6
12437,6
12438,6
12439,6
12440,6
12441,2
12442,6
12443,6
12444,6
12445,6
12446,6
12447,2
12448,6
12449,6
12450,6
12451,2
12452,6
12453,6
12454,2
12455,6
12456,6
12457,6
12458,6
12459,2
12460,2
12461,6
12462,6
12463,6
12464,6
12465,6
12466,6
12467,6
12468,6
12469,6
12470,6
12471,6
12472,2
12473,2
12474,2
12475,6
12476,6
12477,6
12478,2
12479,6
12480,6
12481,6
12482,6
12483,6
12484,2
12485,6
12486,6
12487,6
12488,2
12489,6
12490,6
12491,6
12492,6
12493,6
12494,6
12495,6
12496,6
12497,6
12498,6
12499,2
12500,6
12501,6
12502,6
12503,2
12504,6
12505,6
12506,6
12507,6
12508,6
12509,6
12510,6
12511,6
12512,2
12513,6
12514,6
12515,6
12516,6
12517,6
12518,6
12519,6
12520,6
12521,6
12522,6
12523,6
12524,6
12525,2
12526,6
12527,6
12528,6
12529,6
12530,6
12531,6
12532,6
12533,6
12534,6
12535,6
12536,6
12537,6
12538,6
12539,6
12540,6
12541,6
12542,6
12543,6
12544,6
12545,6
12546,6
12547,2
12548,6
12549,6
12550,2
12551,6
12552,6
12553,6
12554,6
12555,6
12556,6
12557,6
12558,6
12559,6
12560,6
12561,6
12562,2
12563,6
12564,6
12565,2
12566,6
12567,6
12568,2
12569,2
12570,6
12571,6
12572,6
12573,6
12574,6
12575,6
12576,6
12577,6
12578,6
12579,6
12580,6
12581,6
12582,6
12583,6
12584,6
12585,6
12586,6
12587,6
12588,6
12589,6
12590,6
12591,6
12592,6
12593,6
12594,6
12595,6
12596,6
12597,6
12598,6
12599,6
12600,6
12601,6
12602,6
12603,6
12604,6
12605,6
12606,6
12607,6
12608,6
12609,6
12610,6
12611,2
12612,6
12613,6
12614,6
12615,6
12616,6
12617,6
12618,6
12619,6
12620,2
12621,6
12622,6
12623,6
12624,6
12625,6
12626,6
12627,6
12628,6
12629,2
12630,2
12631,6
12632,6
12633,6
12634,2
12635,6
12636,6
12637,6
12638,2
12639,6
12640,6
12641,6
12642,6
12643,6
12644,6
12645,6
12646,6
12647,6
12648,6
12649,6
12650,6
12651,6
12652,6
12653,6
12654,6
12655,6
12656,6
12657,6
12658,6
12659,6
12660,6
12661,6
12662,6
12663,6
12664,6
12665,6
12666,6
12667,2
12668,6
12669,6
12670,6
12671,6
12672,6
12673,6
12674,6
12675,6
12676,2
12677,6
12678,2
12679,6
12680,6
12681,6
12682,2
12683,6
12684,6
12685,6
12686,6
12687,2
12688,2
12689,6
12690,6
12691,6
12692,6
12693,6
12694,6
12695,6
12696,6
12697,6
12698,6
12699,6
12700,6
12701,6
12702,6
12703,6
12704,6
12705,6
12706,6
12707,6
12708,6
12709,6
12710,6
12711,6
12712,6
12713,6
12714,6
12715,6
12716,6
12717,2
12718,2
12719,6
12720,6
12721,6
12722,6
12723,6
12724,6
12725,2
12726,6
12727,2
12728,6
12729,2
12730,6
12731,6
12732,6
12733,6
12734,6
12735,6
12736,2
12737,6
12738,6
12739,6
12740,6
12741,6
12742,2
12743,6
12744,6
12745,6
12746,2
12747,6
12748,6
12749,2
12750,6
12751,6
12752,6
12753,6
12754,2
12755,6
12756,6
12757,6
12758,6
12759,6
12760,6
12761,6
12762,2
12763,6
12764,6
12765,2
12766,6
12767,2
12768,6
12769,6
12770,6
12771,6
12772,6
12773,2
12774,6
12775,6
12776,6
12777,6
12778,6
12779,6
12780,6
12781,2
12782,6
12783,6
12784,6
12785,6
12786,6
12787,6
12788,6
12789,6
12790,6
12791,2
12792,6
12793,6
12794,6
12795,6
12796,6
12797,6
12798,6
12799,6
12800,6
12801,6
12802,2
12803,2
12804,6
12805,6
12806,6
12807,6
12808,6
12809,6
12810,6
12811,6
12812,6
12813,6
12814,6
12815,2
12816,6
12817,6
12818,6
12819,6
12820,6
12821,6
12822,6
12823,6
12824,6
12825,6
12826,6
12827,6
12828,6
12829,6
12830,2
12831,6
12832,6
12833,2
12834,6
12835,6
12836,2
12837,6
12838,6
12839,6
12840,6
12841,6
12842,6
12843,6
12844,6
12845,6
12846,6
12847,6
12848,6
12849,6
12850,6
12851,6
12852,6
12853,6
12854,6
12855,6
12856,6
12857,6
12858,6
12859,6
12860,6
12861,6
12862,6
12863,6
12864,6
12865,6
12866,2
12867,2
12868,6
12869,6
12870,6
12871,6
12872,2
12873,2
12874,6
12875,6
12876,6
12877,2
12878,6
12879,6
12880,2
12881,6
12882,6
12883,6
12884,6
12885,6
12886,6
12887,6
12888,6
12889,6
12890,6
12891,6
12892,6
12893,6
12894,6
12895,2
12896,6
12897,6
12898,2
12899,6
12900,6
12901,6
12902,6
12903,6
12904,6
12905,6
12906,2
12907,6
12908,2
12909,6
12910,6
12911,6
12912,6
12913,6
12914,6
12915,6
12916,6
12917,6
12918,2
12919,6
12920,6
12921,6
12922,6
12923,6
12924,6
12925,2
12926,2
12927,6
12928,6
12929,6
12930,6
12931,6
12932,6
12933,6
12934,6
12935,6
12936,6
12937,2
12938,6
12939,6
12940,6
12941,6
12942,6
12943,2
12944,6
12945,6
12946,6
12947,6
12948,6
12949,6
12950,6
12951,6
12952,6
12953,6
12954,6
12955,6
12956,2
12957,6
12958,6
12959,2
12960,2
12961,2
12962,6
12963,6
12964,2
12965,6
12966,6
12967,6
12968,6
12969,2
12970,6
12971,6
12972,6
12973,6
12974,2
12975,6
12976,6
12977,6
12978,6
12979,6
12980,6
12981,6
12982,6
12983,6
12984,6
12985,6
12986,6
12987,2
12988,6
12989,6
12990,6
12991,6
12992,2
12993,6
12994,6
12995,6
12996,2
12997,6
12998,6
12999,6
13000,6
13001,2
13002,6
13003,6
13004,6
13005,2
13006,6
13007,6
13008,6
13009,6
13010,6
13011,6
13012,6
13013,6
13014,6
13015,6
13016,6
13017,6
13018,6
13019,6
13020,6
13021,6
13022,6
13023,6
13024,6
13025,6
13026,6
13027,6
13028,6
13029,6
13030,6
13031,6
13032,6
13033,6
13034,2
13035,6
13036,6
13037,2
13038,6
13039,2
13040,6
13041,6
13042,6
13043,6
13044,6
13045,6
13046,6
13047,6
13048,6
13049,6
13050,6
13051,6
13052,6
13053,6
13054,6
13055,2
13056,6
13057,2
13058,6
13059,6
13060,6
13061,6
13062,6
13063,6
13064,6
13065,6
13066,6
13067,6
13068,6
13069,6
13070,6
13071,6
13072,6
13073,6
13074,6
13075,6
13076,6
13077,6
13078,6
13079,6
13080,2
13081,6
13082,6
13083,6
13084,6
13085,6
13086,6
13087,6
13088,6
13089,6
13090,6
13091,6
13092,6
13093,6
13094,6
13095,6
13096,6
13097,6
13098,6
13099,6
13100,6
13101,6
13102,6
13103,6
13104,6
13105,6
13106,6
13107,2
13108,6
13109,6
13110,6
13111,6
13112,6
13113,6
13114,6
13115,6
13116,6
13117,6
13118,6
13119,6
13120,2
13121,2
13122,2
13123,6
13124,6
13125,6
13126,2
13127,6
13128,6
13129,6
13130,6
13131,6
13132,6
13133,6
13134,2
13135,6
13136,6
13137,6
13138,6
13139,6
13140,6
13141,6
13142,6
13143,6
13144,6
13145,6
13146,6
13147,6
13148,6
13149,6
13150,2
13151,6
13152,6
13153,6
13154,6
13155,6
13156,6
13157,6
13158,6
13159,6
13160,6
13161,6
13162,6
13163,6
13164,2
13165,2
13166,6
13167,6
13168,6
13169,6
13170,6
13171,6
13172,6
13173,2
13174,6
13175,6
13176,6
13177,6
13178,6
13179,6
13180,6
13181,6
13182,6
13183,6
13184,6
13185,6
13186,6
13187,6
13188,6
13189,6
13190,6
13191,6
13192,6
13193,6
13194,6
13195,2
13196,2
13197,6
13198,6
13199,6
13200,6
13201,6
13202,6
13203,6
13204,2
13205,2
13206,6
13207,2
13208,6
13209,6
13210,6
13211,6
13212,6
13213,6
13214,2
13215,6
13216,6
13217,2
13218,6
13219,6
13220,6
13221,6
13222,6
13223,6
13224,6
13225,6
13226,6
13227,6
13228,6
13229,6
13230,6
13231,6
13232,6
13233,6
13234,6
13235,6
13236,6
13237,6
13238,6
13239,6
13240,6
13241,6
13242,6
13243,6
13244,6
13245,6
13246,6
13247,2
13248,6
13249,2
13250,6
13251,6
13252,6
13253,6
13254,2
13255,6
13256,6
13257,6
13258,6
13259,6
13260,6
13261,6
13262,6
13263,2
13264,6
13265,6
13266,6
13267,6
13268,6
13269,6
13270,6
13271,6
13272,2
13273,6
13274,6
13275,6
13276,6
13277,6
13278,6
13279,6
13280,6
13281,6
13282,6
13283,6
13284,6
13285,6
13286,6
13287,6
13288,2
13289,6
13290,6
13291,6
13292,6
13293,6
13294,6
13295,6
13296,6
13297,2
13298,6
13299,2
13300,2
13301,6
13302,6
13303,6
13304,6
13305,6
13306,6
13307,6
13308,6
13309,6
13310,6
13311,6
13312,6
13313,6
13314,6
13315,2
13316,6
13317,6
13318,6
13319,2
13320,6
13321,6
13322,2
13323,6
13324,6
13325,6
13326,6
13327,6
13328,6
13329,6
13330,2
13331,6
13332,6
13333,6
13334,6
13335,6
13336,6
13337,2
13338,6
13339,2
13340,6
13341,6
13342,6
13343,2
13344,6
13345,6
13346,6
13347,6
13348,6
13349,6
13350,6
13351,6
13352,6
13353,6
13354,6
13355,6
13356,6
13357,6
13358,6
13359,6
13360,6
13361,6
13362,2
13363,6
13364,6
13365,6
13366,6
13367,6
13368,6
13369,6
13370,6
13371,6
13372,6
13373,6
13374,6
13375,6
13376,6
13377,6
13378,6
13379,6
13380,6
13381,6
13382,6
13383,6
13384,6
13385,2
13386,2
13387,6
13388,6
13389,6
13390,6
13391,6
13392,6
13393,6
13394,6
13395,6
13396,6
13397,2
13398,6
13399,6
13400,2
13401,6
13402,6
13403,6
13404,6
13405,2
13406,6
13407,6
13408,2
13409,6
13410,6
13411,6
13412,6
13413,6
13414,6
13415,6
13416,6
13417,6
13418,6
13419,6
13420,6
13421,6
13422,6
13423,6
13424,6
13425,2
13426,6
13427,6
13428,6
13429,6
13430,6
13431,6
13432,6
13433,2
13434,6
13435,6
13436,6
13437,2
13438,6
13439,6
13440,6
13441,6
13442,6
13443,6
13444,6
13445,6
13446,2
13447,6
13448,6
13449,6
13450,2
13451,6
13452,6
13453,6
13454,6
13455,6
13456,6
13457,6
13458,6
13459,6
13460,6
13461,6
13462,6
13463,6
13464,6
13465,2
13466,6
13467,6
13468,6
13469,6
13470,6
13471,6
13472,2
13473,6
13474,6
13475,6
13476,6
13477,6
13478,6
13479,6
13480,6
13481,6
13482,6
13483,6
13484,6
13485,6
13486,6
13487,6
13488,6
13489,6
13490,6
13491,6
13492,6
13493,2
13494,6
13495,6
13496,2
13497,2
13498,6
13499,6
13500,6
13501,6
13502,6
13503,6
13504,6
13505,6
13506,6
13507,6
13508,6
13509,6
13510,6
13511,6
13512,6
13513,2
13514,6
13515,2
13516,6
13517,6
13518,6
13519,6
13520,6
13521,6
13522,2
13523,6
13524,6
13525,6
13526,6
13527,6
13528,6
13529,6
13530,6
13531,6
13532,6
13533,6
13534,6
13535,6
13536,6
13537,6
13538,6
13539,6
13540,6
13541,6
13542,6
13543,6
13544,6
13545,6
13546,6
13547,6
13548,6
13549,6
13550,6
13551,6
13552,6
13553,6
13554,6
13555,6
13556,6
13557,6
13558,6
13559,6
13560,6
13561,6
13562,6
13563,6
13564,6
13565,6
13566,2
13567,6
13568,6
13569,6
13570,6
13571,6
13572,6
13573,6
13574,6
13575,6
13576,2
13577,6
13578,6
13579,6
13580,6
13581,2
13582,2
13583,6
13584,6
13585,6
13586,6
13587,2
13588,6
13589,6
13590,6
13591,6
13592,6
13593,6
13594,6
13595,6
13596,6
13597,6
13598,6
13599,6
13600,6
13601,6
13602,6
13603,2
13604,6
13605,6
13606,2
13607,6
13608,6
13609,6
13610,6
13611,6
13612,6
13613,6
13614,6
13615,6
13616,6
13617,6
13618,6
13619,6
13620,6
13621,6
13622,6
13623,6
13624,6
13625,2
13626,6
13627,6
13628,6
13629,6
13630,6
13631,6
13632,6
13633,6
13634,2
13635,6
13636,6
13637,6
13638,6
13639,6
13640,6
13641,6
13642,6
13643,6
13644,6
13645,6
13646,6
13647,6
13648,6
13649,6
13650,6
13651,6
13652,6
13653,6
13654,6
13655,6
13656,6
13657,6
13658,6
13659,6
13660,6
13661,6
13662,6
13663,6
13664,6
13665,2
13666,6
13667,2
13668,6
13669,6
13670,2
13671,6
13672,6
13673,6
13674,6
13675,6
13676,6
13677,6
13678,6
13679,6
13680,6
13681,6
13682,2
13683,6
13684,6
13685,6
13686,6
13687,6
13688,6
13689,6
13690,2
13691,6
13692,6
13693,6
13694,6
13695,6
13696,6
13697,6
13698,6
13699,6
13700,6
13701,6
13702,6
13703,6
13704,6
13705,2
13706,6
13707,6
13708,2
13709,6
13710,6
13711,6
13712,2
13713,6
13714,6
13715,6
13716,6
13717,6
13718,6
13719,6
13720,6
13721,6
13722,6
13723,6
13724,6
13725,6
13726,6
13727,6
13728,6
13729,6
13730,6
13731,6
13732,2
13733,6
13734,6
13735,6
13736,6
13737,6
13738,6
13739,6
13740,6
13741,6
13742,6
13743,6
13744,6
13745,6
13746,6
13747,6
13748,6
13749,6
13750,6
13751,6
13752,6
13753,6
13754,6
13755,6
13756,6
13757,6
13758,6
13759,6
13760,6
13761,6
13762,6
13763,6
13764,6
13765,6
13766,6
13767,2
13768,6
13769,6
13770,2
13771,6
13772,6
13773,2
13774,6
13775,6
13776,6
13777,6
13778,6
13779,2
13780,6
13781,6
13782,6
13783,6
13784,6
13785,6
13786,6
13787,6
13788,6
13789,6
13790,2
13791,6
13792,2
13793,6
13794,6
13795,6
13796,6
13797,6
13798,6
13799,2
13800,6
13801,6
13802,6
13803,6
13804,6
13805,6
13806,6
13807,6
13808,6
13809,6
13810,6
13811,6
13812,6
13813,6
13814,6
13815,2
13816,6
13817,6
13818,6
13819,2
13820,6
13821,6
13822,6
13823,6
13824,6
13825,6
13826,6
13827,6
13828,6
13829,6
13830,6
13831,6
13832,6
13833,6
13834,2
13835,6
13836,6
13837,6
13838,6
13839,2
13840,6
13841,6
13842,6
13843,6
13844,6
13845,2
13846,6
13847,6
13848,6
13849,6
13850,6
13851,2
13852,6
13853,6
13854,6
13855,6
13856,6
13857,6
13858,6
13859,2
13860,6
13861,6
13862,6
13863,6
13864,6
13865,6
13866,6
13867,6
13868,6
13869,6
13870,2
13871,6
13872,6
13873,6
13874,6
13875,6
13876,6
13877,6
13878,2
13879,6
13880,6
13881,2
13882,6
13883,6
13884,6
13885,6
13886,6
13887,6
13888,6
13889,6
13890,6
13891,6
13892,6
13893,6
13894,6
13895,6
13896,6
13897,6
13898,6
13899,6
13900,2
13901,6
13902,6
13903,6
13904,6
13905,2
13906,6
13907,6
13908,6
13909,2
13910,6
13911,6
13912,2
13913,6
13914,6
13915,6
13916,6
13917,6
13918,6
13919,2
13920,6
13921,6
13922,6
13923,6
13924,6
13925,6
13926,6
13927,6
13928,6
13929,6
13930,6
13931,6
13932,6
13933,6
13934,6
13935,6
13936,6
13937,6
13938,6
13939,6
13940,6
13941,6
13942,6
13943,6
13944,6
13945,2
13946,2
13947,6
13948,6
13949,2
13950,6
13951,6
13952,6
13953,6
13954,6
13955,2
13956,6
13957,2
13958,6
13959,6
13960,6
13961,6
13962,6
13963,6
13964,6
13965,6
13966,6
13967,6
13968,6
13969,6
13970,6
13971,6
13972,2
13973,6
13974,6
13975,6
13976,2
13977,6
13978,6
13979,6
13980,2
13981,6
13982,6
13983,2
13984,2
13985,6
13986,6
13987,6
13988,2
13989,6
13990,6
13991,6
13992,6
13993,6
13994,6
13995,6
13996,6
13997,2
13998,6
13999,2
14000,6
14001,6
14002,2
14003,6
14004,6
14005,6
14006,6
14007,6
14008,6
14009,6
14010,6
14011,6
14012,6
14013,6
14014,6
14015,6
14016,2
14017,6
14018,6
14019,2
14020,6
14021,6
14022,2
14023,6
14024,6
14025,6
14026,6
14027,2
14028,6
14029,6
14030,6
14031,6
14032,6
14033,6
14034,6
14035,6
14036,6
14037,6
14038,6
14039,6
14040,6
14041,6
14042,6
14043,2
14044,6
14045,6
14046,6
14047,6
14048,6
14049,6
14050,6
14051,6
14052,2
14053,6
14054,6
14055,6
14056,6
14057,6
14058,6
14059,6
14060,6
14061,6
14062,2
14063,6
14064,6
14065,6
14066,6
14067,6
14068,6
14069,6
14070,2
14071,2
14072,2
14073,2
14074,6
14075,6
14076,6
14077,6
14078,6
14079,6
14080,6
14081,6
14082,2
14083,6
14084,6
14085,6
14086,6
14087,6
14088,2
14089,6
14090,6
14091,6
14092,6
14093,6
14094,2
14095,6
14096,6
14097,2
14098,6
14099,6
14100,6
14101,6
14102,6
14103,6
14104,6
14105,6
14106,2
14107,6
14108,6
14109,6
14110,6
14111,2
14112,6
14113,6
14114,6
14115,2
14116,6
14117,6
14118,6
14119,2
14120,6
14121,6
14122,6
14123,2
14124,6
14125,6
14126,2
14127,6
14128,6
14129,6
14130,6
14131,6
14132,6
14133,6
14134,6
14135,6
14136,2
14137,6
14138,6
14139,6
14140,6
14141,6
14142,6
14143,6
14144,6
14145,2
14146,6
14147,6
14148,6
14149,6
14150,6
14151,6
14152,6
14153,6
14154,6
14155,2
14156,6
14157,6
14158,6
14159,6
14160,6
14161,6
14162,6
14163,6
14164,6
14165,6
14166,6
14167,6
14168,6
14169,6
14170,6
14171,6
14172,6
14173,6
14174,6
14175,6
14176,6
14177,6
14178,6
14179,6
14180,6
14181,6
14182,6
14183,6
14184,6
14185,6
14186,6
14187,6
14188,6
14189,6
14190,6
14191,6
14192,6
14193,6
14194,6
14195,2
14196,6
14197,6
14198,2
14199,6
14200,6
14201,6
14202,6
14203,6
14204,6
14205,6
14206,6
14207,6
14208,6
14209,6
14210,6
14211,6
14212,6
14213,6
14214,6
14215,6
14216,2
14217,6
14218,2
14219,6
14220,6
14221,6
14222,2
14223,6
14224,6
14225,6
14226,6
14227,6
14228,6
14229,6
14230,6
14231,6
14232,6
14233,6
14234,6
14235,6
14236,6
14237,6
14238,6
14239,6
14240,6
14241,6
14242,6
14243,6
14244,6
14245,6
14246,6
14247,6
14248,6
14249,6
14250,2
14251,6
14252,6
14253,6
14254,6
14255,6
14256,2
14257,6
14258,6
14259,6
14260,6
14261,6
14262,2
14263,6
14264,6
14265,6
14266,6
14267,6
14268,6
14269,6
14270,6
14271,6
14272,6
14273,6
14274,6
14275,6
14276,6
14277,6
14278,6
14279,6
14280,6
14281,6
14282,6
14283,2
14284,6
14285,6
14286,6
14287,6
14288,6
14289,6
14290,6
14291,6
14292,2
14293,6
14294,6
14295,6
14296,6
14297,6
14298,6
14299,2
14300,6
14301,6
14302,6
14303,6
14304,6
14305,6
14306,6
14307,6
14308,6
14309,2
14310,6
14311,6
14312,6
14313,6
14314,6
14315,6
14316,6
14317,6
14318,6
14319,6
14320,6
14321,2
14322,6
14323,6
14324,6
14325,6
14326,6
14327,2
14328,6
14329,6
14330,2
14331,6
14332,6
14333,6
14334,6
14335,6
14336,6
14337,6
14338,6
14339,6
14340,6
14341,6
14342,6
14343,6
14344,6
14345,6
14346,6
14347,6
14348,6
14349,6
14350,6
14351,6
14352,6
14353,6
14354,6
14355,6
14356,2
14357,6
14358,6
14359,6
14360,6
14361,6
14362,6
14363,6
14364,6
14365,6
14366,6
14367,6
14368,6
14369,6
14370,6
14371,6
14372,6
14373,6
14374,6
14375,6
14376,6
14377,2
14378,6
14379,6
14380,6
14381,6
14382,6
14383,6
14384,6
14385,2
14386,6
14387,6
14388,6
14389,6
14390,6
14391,6
14392,6
14393,6
14394,6
14395,6
14396,6
14397,6
14398,6
14399,2
14400,6
14401,6
14402,6
14403,6
14404,2
14405,6
14406,6
14407,6
14408,6
14409,6
14410,6
14411,6
14412,6
14413,6
14414,6
14415,6
14416,6
14417,6
14418,6
14419,6
14420,6
14421,6
14422,6
14423,6
14424,2
14425,2
14426,6
14427,6
14428,2
14429,6
14430,6
14431,6
14432,6
14433,6
14434,6
14435,6
14436,6
14437,6
14438,6
14439,6
14440,6
14441,6
14442,6
14443,6
14444,6
14445,2
14446,6
14447,6
14448,6
14449,6
14450,6
14451,6
14452,2
14453,6
14454,6
14455,6
14456,6
14457,6
14458,6
14459,6
14460,6
14461,6
14462,6
14463,6
14464,6
14465,6
14466,6
14467,6
14468,6
14469,6
14470,6
14471,6
14472,6
14473,6
14474,2
14475,6
14476,6
14477,6
14478,6
14479,6
14480,6
14481,6
14482,6
14483,6
14484,6
14485,6
14486,6
14487,2
14488,6
14489,6
14490,2
14491,2
14492,6
14493,6
14494,6
14495,6
14496,6
14497,2
14498,6
14499,6
14500,6
14501,6
14502,6
14503,6
14504,6
14505,6
14506,6
14507,6
14508,6
14509,6
14510,2
14511,6
14512,6
14513,2
14514,6
14515,6
14516,6
14517,2
14518,6
14519,2
14520,6
14521,6
14522,6
14523,6
14524,6
14525,6
14526,6
14527,6
14528,6
14529,6
14530,6
14531,6
14532,6
14533,6
14534,6
14535,6
14536,2
14537,6
14538,6
14539,6
14540,6
14541,6
14542,6
14543,6
14544,6
14545,6
14546,6
14547,6
14548,6
14549,6
14550,6
14551,6
14552,6
14553,6
14554,6
14555,6
14556,6
14557,6
14558,6
14559,6
14560,6
14561,6
14562,6
14563,6
14564,6
14565,6
14566,6
14567,6
14568,6
14569,6
14570,6
14571,6
14572,2
14573,6
14574,6
14575,2
14576,6
14577,6
14578,6
14579,6
14580,6
14581,6
14582,6
14583,6
14584,6
14585,6
14586,6
14587,6
14588,6
14589,6
14590,6
14591,6
14592,6
14593,6
14594,6
14595,6
14596,6
14597,6
14598,2
14599,6
14600,6
14601,2
14602,6
14603,6
14604,6
14605,6
14606,6
14607,6
14608,6
14609,6
14610,6
14611,6
14612,6
14613,6
14614,6
14615,6
14616,6
14617,6
14618,6
14619,6
14620,6
14621,6
14622,6
14623,6
14624,6
14625,6
14626,6
14627,6
14628,6
14629,6
14630,6
14631,6
14632,6
14633,6
14634,6
14635,6
14636,6
14637,6
14638,6
14639,6
14640,6
14641,6
14642,6
14643,6
14644,2
14645,6
14646,6
14647,6
14648,6
14649,2
14650,6
14651,6
14652,6
14653,6
14654,6
14655,6
14656,6
14657,6
14658,6
14659,6
14660,6
14661,6
14662,6
14663,6
14664,6
14665,6
14666,6
14667,6
14668,6
14669,6
14670,6
14671,6
14672,6
14673,6
14674,6
14675,6
14676,6
14677,2
14678,2
14679,6
14680,6
14681,6
14682,6
14683,6
14684,6
14685,6
14686,6
14687,2
14688,6
14689,6
14690,6
14691,6
14692,6
14693,6
14694,6
14695,6
14696,6
14697,6
14698,6
14699,2
14700,2
14701,6
14702,6
14703,6
14704,6
14705,2
14706,6
14707,6
14708,6
14709,6
14710,6
14711,6
14712,6
14713,2
14714,2
14715,2
14716,6
14717,6
14718,6
14719,6
14720,6
14721,6
14722,6
14723,2
14724,6
14725,6
14726,6
14727,6
14728,6
14729,6
14730,6
14731,6
14732,6
14733,6
14734,6
14735,6
14736,6
14737,6
14738,6
14739,6
14740,6
14741,2
14742,6
14743,6
14744,6
14745,2
14746,6
14747,6
14748,6
14749,6
14750,6
14751,2
14752,6
14753,6
14754,6
14755,6
14756,2
14757,6
14758,6
14759,6
14760,6
14761,6
14762,6
14763,6
14764,6
14765,6
14766,6
14767,6
14768,6
14769,6
14770,6
14771,6
14772,6
14773,6
14774,6
14775,6
14776,6
14777,6
14778,6
14779,6
14780,6
14781,6
14782,6
14783,6
14784,6
14785,6
14786,6
14787,6
14788,6
14789,6
14790,6
14791,6
14792,6
14793,6
14794,2
14795,6
14796,6
14797,6
14798,6
14799,6
14800,6
14801,6
14802,6
14803,6
14804,6
14805,6
14806,6
14807,6
14808,6
14809,6
14810,6
14811,6
14812,6
14813,6
14814,6
14815,6
14816,6
14817,6
14818,6
14819,6
14820,6
14821,6
14822,6
14823,6
14824,6
14825,6
14826,6
14827,6
14828,6
14829,6
14830,6
14831,6
14832,6
14833,6
14834,6
14835,2
14836,6
14837,6
14838,6
14839,6
14840,6
14841,6
14842,6
14843,6
14844,6
14845,2
14846,6
14847,6
14848,6
14849,2
14850,6
14851,6
14852,6
14853,6
14854,6
14855,6
14856,6
14857,6
14858,6
14859,6
14860,6
14861,6
14862,6
14863,6
14864,6
14865,6
14866,6
14867,6
14868,6
14869,2
14870,6
14871,6
14872,6
14873,6
14874,6
14875,6
14876,6
14877,6
14878,2
14879,6
14880,6
14881,6
14882,6
14883,6
14884,6
14885,6
14886,6
14887,6
14888,6
14889,6
14890,6
14891,6
14892,6
14893,6
14894,6
14895,6
14896,6
14897,2
14898,6
14899,6
14900,6
14901,6
14902,6
14903,6
14904,6
14905,6
14906,6
14907,6
14908,6
14909,6
14910,6
14911,6
14912,6
14913,6
14914,2
14915,6
14916,2
14917,6
14918,6
14919,6
14920,6
14921,6
14922,6
14923,6
14924,6
14925,6
14926,6
14927,6
14928,6
14929,6
14930,6
14931,2
14932,6
14933,6
14934,6
14935,6
14936,6
14937,6
14938,6
14939,2
14940,6
14941,6
14942,6
14943,6
14944,6
14945,6
14946,6
14947,6
14948,6
14949,6
14950,6
14951,2
14952,6
14953,6
14954,6
14955,6
14956,2
14957,6
14958,6
14959,6
14960,6
14961,6
14962,6
14963,6
14964,6
14965,6
14966,6
14967,6
14968,6
14969,6
14970,6
14971,6
14972,6
14973,2
14974,6
14975,6
14976,6
14977,2
14978,6
14979,6
14980,6
14981,6
14982,2
14983,6
14984,6
14985,6
14986,6
14987,6
14988,6
14989,6
14990,6
14991,6
14992,6
14993,6
14994,6
14995,6
14996,6
14997,6
14998,6
14999,6
15000,6
15001,6
15002,6
15003,6
15004,6
15005,6
15006,6
15007,6
15008,6
15009,6
15010,6
15011,6
15012,6
15013,6
15014,6
15015,2
15016,6
15017,6
15018,6
15019,6
15020,6
15021,6
15022,6
15023,2
15024,6
15025,6
15026,6
15027,6
15028,6
15029,6
15030,6
15031,6
15032,6
15033,6
15034,2
15035,6
15036,6
15037,6
15038,6
15039,6
15040,6
15041,6
15042,6
15043,6
15044,6
15045,6
15046,6
15047,6
15048,6
15049,6
15050,2
15051,6
15052,6
15053,6
15054,6
15055,6
15056,6
15057,2
15058,6
15059,6
15060,6
15061,6
15062,6
15063,6
15064,6
15065,2
15066,6
15067,6
15068,6
15069,6
15070,6
15071,6
15072,6
15073,6
15074,6
15075,6
15076,6
15077,6
15078,6
15079,6
15080,6
15081,6
15082,6
15083,2
15084,6
15085,6
15086,6
15087,6
15088,6
15089,6
15090,6
15091,6
15092,6
15093,6
15094,6
15095,6
15096,6
15097,6
15098,6
15099,6
15100,6
15101,6
15102,6
15103,6
15104,6
15105,6
15106,6
15107,6
15108,6
15109,6
15110,2
15111,6
15112,6
15113,6
15114,6
15115,6
15116,6
15117,6
15118,6
15119,6
15120,6
15121,6
15122,6
15123,6
15124,6
15125,6
15126,6
15127,6
15128,6
15129,6
15130,2
15131,6
15132,6
15133,6
15134,6
15135,6
15136,2
15137,6
15138,6
15139,6
15140,6
15141,6
15142,6
15143,6
15144,6
15145,6
15146,6
15147,6
15148,6
15149,6
15150,6
15151,6
15152,6
15153,6
15154,6
15155,6
15156,6
15157,6
15158,6
15159,6
15160,6
15161,6
15162,6
15163,6
15164,6
15165,6
15166,6
15167,6
15168,6
15169,6
15170,6
15171,6
15172,6
15173,6
15174,6
15175,6
15176,2
15177,6
15178,6
15179,6
15180,6
15181,6
15182,6
15183,6
15184,6
15185,6
15186,6
15187,2
15188,6
15189,6
15190,6
15191,6
15192,6
15193,6
15194,6
15195,6
15196,6
15197,6
15198,6
15199,6
15200,6
15201,6
15202,6
15203,6
15204,6
15205,6
15206,6
15207,6
15208,2
15209,6
15210,6
15211,6
15212,6
15213,6
15214,6
15215,6
15216,6
15217,6
15218,6
15219,6
15220,2
15221,6
15222,6
15223,6
15224,6
15225,6
15226,6
15227,6
15228,6
15229,6
15230,6
15231,2
15232,6
15233,6
15234,6
15235,6
15236,6
15237,6
15238,6
15239,2
15240,6
15241,6
15242,6
15243,2
15244,6
15245,2
15246,6
15247,6
15248,6
15249,6
15250,6
15251,6
15252,6
15253,6
15254,6
15255,6
15256,6
15257,2
15258,6
15259,2
15260,6
15261,6
15262,6
15263,6
15264,6
15265,6
15266,2
15267,6
15268,6
15269,6
15270,6
15271,6
15272,6
15273,6
15274,6
15275,6
15276,6
15277,6
15278,6
15279,6
15280,6
15281,6
15282,6
15283,2
15284,6
15285,2
15286,6
15287,2
15288,6
15289,6
15290,6
15291,6
15292,6
15293,6
15294,6
15295,6
15296,6
15297,6
15298,6
15299,2
15300,6
15301,6
15302,6
15303,6
15304,6
15305,6
15306,6
15307,6
15308,6
15309,6
15310,6
15311,2
15312,6
15313,2
15314,6
15315,6
15316,6
15317,6
15318,6
15319,6
15320,6
15321,6
15322,6
15323,6
15324,6
15325,6
15326,6
15327,6
15328,6
15329,6
15330,6
15331,6
15332,6
15333,6
15334,6
15335,6
15336,6
15337,6
15338,6
15339,6
15340,6
15341,2
15342,6
15343,6
15344,2
15345,6
15346,6
15347,6
15348,2
15349,2
15350,6
15351,6
15352,6
15353,6
15354,6
15355,6
15356,6
15357,6
15358,6
15359,6
15360,6
15361,6
15362,6
15363,6
15364,6
15365,6
15366,6
15367,6
15368,6
15369,6
15370,6
15371,6
15372,6
15373,6
15374,6
15375,2
15376,6
15377,6
15378,6
15379,6
15380,6
15381,2
15382,6
15383,6
15384,6
15385,6
15386,6
15387,2
15388,6
15389,6
15390,6
15391,6
15392,6
15393,6
15394,6
15395,6
15396,6
15397,6
15398,6
15399,6
15400,6
15401,6
15402,6
15403,6
15404,6
15405,6
15406,6
15407,2
15408,2
15409,6
15410,6
15411,6
15412,6
15413,6
15414,6
15415,6
15416,6
15417,2
15418,6
15419,6
15420,6
15421,6
15422,6
15423,2
15424,6
15425,6
15426,6
15427,6
15428,6
15429,6
15430,6
15431,6
15432,6
15433,6
15434,6
15435,6
15436,2
15437,6
15438,6
15439,6
15440,2
15441,6
15442,6
15443,6
15444,2
15445,6
15446,6
15447,6
15448,6
15449,2
15450,2
15451,6
15452,6
15453,6
15454,6
15455,2
15456,6
15457,6
15458,6
15459,6
15460,6
15461,6
15462,6
15463,6
15464,6
15465,6
15466,6
15467,6
15468,6
15469,6
15470,6
15471,2
15472,6
15473,6
15474,6
15475,6
15476,6
15477,6
15478,2
15479,6
15480,6
15481,6
15482,6
15483,6
15484,6
15485,2
15486,6
15487,6
15488,6
15489,6
15490,6
15491,6
15492,6
15493,6
15494,6
15495,6
15496,6
15497,2
15498,6
15499,6
15500,6
15501,6
15502,6
15503,6
15504,6
15505,6
15506,6
15507,6
15508,6
15509,6
15510,6
15511,6
15512,6
15513,6
15514,6
15515,6
15516,6
15517,6
15518,6
15519,6
15520,6
15521,6
15522,6
15523,6
15524,6
15525,2
15526,6
15527,6
15528,6
15529,2
15530,2
15531,6
15532,6
15533,6
15534,6
15535,6
15536,6
15537,6
15538,6
15539,6
15540,6
15541,6
15542,6
15543,2
15544,2
15545,6
15546,6
15547,6
15548,6
15549,6
15550,6
15551,6
15552,6
15553,6
15554,6
15555,6
15556,6
15557,6
15558,6
15559,6
15560,6
15561,6
15562,6
15563,6
15564,6
15565,6
15566,6
15567,6
15568,6
15569,6
15570,6
15571,6
15572,6
15573,6
15574,6
15575,6
15576,6
15577,6
15578,6
15579,6
15580,6
15581,6
15582,6
15583,6
15584,6
15585,6
15586,6
15587,6
15588,6
15589,6
15590,6
15591,6
15592,6
15593,6
15594,6
15595,2
15596,6
15597,6
15598,6
15599,6
15600,6
15601,6
15602,6
15603,6
15604,2
15605,6
15606,6
15607,6
15608,6
15609,6
15610,6
15611,6
15612,6
15613,6
15614,6
15615,2
15616,6
15617,6
15618,6
15619,6
15620,6
15621,6
15622,6
15623,6
15624,6
15625,6
15626,6
15627,6
15628,6
15629,6
15630,6
15631,6
15632,2
15633,6
15634,6
15635,6
15636,6
15637,6
15638,6
15639,6
15640,6
15641,6
15642,6
15643,6
15644,6
15645,6
15646,6
15647,6
15648,6
15649,6
15650,6
15651,6
15652,6
15653,6
15654,6
15655,2
15656,6
15657,6
15658,6
15659,6
15660,6
15661,6
15662,6
15663,6
15664,6
15665,2
15666,6
15667,6
15668,6
15669,6
15670,2
15671,6
15672,6
15673,6
15674,6
15675,6
15676,6
15677,6
15678,6
15679,6
15680,6
15681,6
15682,6
15683,6
15684,6
15685,6
15686,6
15687,6
15688,2
15689,6
15690,6
15691,6
15692,6
15693,6
15694,6
15695,6
15696,6
15697,6
15698,6
15699,6
15700,6
15701,6
15702,6
15703,6
15704,6
15705,6
15706,6
15707,6
15708,6
15709,6
15710,6
15711,6
15712,6
15713,6
15714,6
15715,6
15716,6
15717,6
15718,6
15719,6
15720,6
15721,6
15722,6
15723,6
15724,2
15725,6
15726,6
15727,2
15728,6
15729,6
15730,6
15731,6
15732,6
15733,6
15734,6
15735,6
15736,6
15737,6
15738,6
15739,6
15740,6
15741,6
15742,6
15743,6
15744,6
15745,2
15746,6
15747,6
15748,6
15749,6
15750,6
15751,6
15752,6
15753,6
15754,6
15755,6
15756,6
15757,2
15758,6
15759,6
15760,6
15761,6
15762,2
15763,2
15764,6
15765,6
15766,6
15767,6
15768,6
15769,6
15770,6
15771,6
15772,6
15773,6
15774,6
15775,2
15776,6
15777,6
15778,2
15779,6
15780,6
15781,6
15782,6
15783,6
15784,6
15785,6
15786,6
15787,6
15788,2
15789,6
15790,2
15791,6
15792,6
15793,6
15794,6
15795,6
15796,6
15797,6
15798,6
15799,2
15800,6
15801,6
15802,6
15803,6
15804,6
15805,6
15806,6
15807,6
15808,6
15809,6
15810,6
15811,6
15812,2
15813,6
15814,6
15815,6
15816,2
15817,6
15818,6
15819,6
15820,6
15821,6
15822,6
15823,2
15824,6
15825,6
15826,6
15827,6
15828,6
15829,6
15830,6
15831,6
15832,6
15833,6
15834,2
15835,6
15836,6
15837,6
15838,6
15839,6
15840,6
15841,6
15842,2
15843,6
15844,6
15845,6
15846,6
15847,6
15848,6
15849,6
15850,6
15851,6
15852,6
15853,6
15854,6
15855,6
15856,6
15857,2
15858,6
15859,6
15860,6
15861,6
15862,6
15863,6
15864,6
15865,6
15866,6
15867,6
15868,6
15869,6
15870,6
15871,6
15872,6
15873,6
15874,2
15875,6
15876,6
15877,6
15878,6
15879,2
15880,2
15881,6
15882,6
15883,6
15884,6
15885,6
15886,6
15887,6
15888,6
15889,6
15890,6
15891,6
15892,6
15893,6
15894,6
15895,2
15896,6
15897,6
15898,6
15899,6
15900,6
15901,6
15902,6
15903,6
15904,6
15905,6
15906,6
15907,6
15908,6
15909,6
15910,6
15911,6
15912,6
15913,6
15914,2
15915,6
15916,6
15917,2
15918,2
15919,6
15920,6
15921,6
15922,6
15923,6
15924,6
15925,6
15926,2
15927,6
15928,6
15929,6
15930,6
15931,6
15932,2
15933,6
15934,6
15935,6
15936,2
15937,6
15938,6
15939,6
15940,6
15941,2
15942,6
15943,6
15944,6
15945,6
15946,6
15947,6
15948,6
15949,6
15950,6
15951,6
15952,6
15953,6
15954,6
15955,2
15956,6
15957,6
15958,6
15959,6
15960,6
15961,6
15962,6
15963,6
15964,6
15965,6
15966,6
15967,6
15968,6
15969,6
15970,6
15971,6
15972,6
15973,6
15974,6
15975,6
15976,6
15977,6
15978,6
15979,6
15980,6
15981,6
15982,6
15983,6
15984,6
15985,6
15986,2
15987,2
15988,6
15989,6
15990,6
15991,6
15992,6
15993,6
15994,6
15995,6
15996,6
15997,6
15998,6
15999,6
16000,6
16001,6
16002,6
16003,6
16004,6
16005,6
16006,6
16007,6
16008,6
16009,6
16010,2
16011,6
16012,2
16013,6
16014,6
16015,6
16016,6
16017,6
16018,6
16019,2
16020,6
16021,6
16022,2
16023,6
16024,6
16025,6
16026,6
16027,6
16028,6
16029,6
16030,2
16031,6
16032,6
16033,2
16034,6
16035,6
16036,6
16037,6
16038,6
16039,6
16040,6
16041,6
16042,6
16043,6
16044,6
16045,6
16046,6
16047,6
16048,2
16049,6
16050,2
16051,6
16052,2
16053,6
16054,6
16055,6
16056,6
16057,6
16058,6
16059,2
16060,6
16061,6
16062,6
16063,2
16064,6
16065,6
16066,6
16067,6
16068,6
16069,2
16070,6
16071,6
16072,6
16073,6
16074,2
16075,6
16076,6
16077,6
16078,6
16079,6
16080,6
16081,6
16082,6
16083,6
16084,2
16085,6
16086,6
16087,2
16088,6
16089,6
16090,6
16091,6
16092,2
16093,6
16094,2
16095,6
16096,6
16097,6
16098,6
16099,6
16100,2
16101,6
16102,2
16103,6
16104,6
16105,6
16106,6
16107,6
16108,6
16109,6
16110,6
16111,6
16112,6
16113,6
16114,6
16115,6
16116,6
16117,6
16118,6
16119,6
16120,6
16121,6
16122,6
16123,6
16124,6
16125,6
16126,2
16127,2
16128,6
16129,6
16130,6
16131,6
16132,6
16133,6
16134,6
16135,6
16136,6
16137,6
16138,6
16139,6
16140,6
16141,6
16142,6
16143,6
16144,6
16145,6
16146,6
16147,6
16148,6
16149,6
16150,6
16151,6
16152,6
16153,2
16154,2
16155,6
16156,6
16157,6
16158,6
16159,6
16160,6
16161,6
16162,6
16163,6
16164,2
16165,6
16166,6
16167,6
16168,6
16169,6
16170,6
16171,6
16172,6
16173,6
16174,6
16175,6
16176,2
16177,6
16178,2
16179,2
16180,6
16181,6
16182,6
16183,6
16184,6
16185,6
16186,6
16187,6
16188,6
16189,6
16190,6
16191,6
16192,6
16193,6
16194,6
16195,6
16196,6
16197,6
16198,6
16199,6
16200,6
16201,6
16202,6
16203,6
16204,2
16205,6
16206,6
16207,6
16208,6
16209,6
16210,6
16211,6
16212,6
16213,6
16214,6
16215,6
16216,6
16217,6
16218,6
16219,6
16220,6
16221,6
16222,2
16223,6
16224,6
16225,6
16226,6
16227,6
16228,6
16229,6
16230,6
16231,2
16232,6
16233,6
16234,6
16235,6
16236,6
16237,6
16238,6
16239,6
16240,6
16241,6
16242,6
16243,6
16244,6
16245,6
16246,6
16247,6
16248,6
16249,6
16250,2
16251,6
16252,6
16253,6
16254,6
16255,6
16256,6
16257,6
16258,6
16259,6
16260,6
16261,6
16262,6
16263,2
16264,6
16265,6
16266,2
16267,6
16268,6
16269,6
16270,6
16271,6
16272,6
16273,6
16274,6
16275,6
16276,6
16277,6
16278,6
16279,2
16280,2
16281,6
16282,6
16283,6
16284,2
16285,6
16286,6
16287,2
16288,6
16289,6
16290,2
16291,6
16292,6
16293,6
16294,6
16295,6
16296,6
16297,6
16298,6
16299,6
16300,6
16301,6
16302,6
16303,6
16304,2
16305,2
16306,6
16307,2
16308,6
16309,6
16310,6
16311,6
16312,6
16313,6
16314,2
16315,6
16316,2
16317,6
16318,6
16319,6
16320,6
16321,6
16322,6
16323,6
16324,6
16325,6
16326,6
16327,6
16328,6
16329,6
16330,6
16331,6
16332,6
16333,6
16334,6
16335,6
16336,6
16337,6
16338,6
16339,6
16340,6
16341,6
16342,6
16343,6
16344,6
16345,6
16346,6
16347,6
16348,6
16349,2
16350,6
16351,6
16352,6
16353,6
16354,6
16355,6
16356,6
16357,2
16358,6
16359,6
16360,6
16361,6
16362,6
16363,6
16364,6
16365,6
16366,2
16367,6
16368,6
16369,2
16370,6
16371,6
16372,6
16373,2
16374,6
16375,6
16376,6
16377,6
16378,6
16379,6
16380,6
16381,6
16382,6
16383,6
16384,6
16385,6
16386,6
16387,6
16388,6
16389,2
16390,6
16391,6
16392,6
16393,6
16394,2
16395,6
16396,6
16397,6
16398,6
16399,6
16400,6
16401,6
16402,6
16403,6
16404,2
16405,6
16406,2
16407,6
16408,6
16409,6
16410,6
16411,6
16412,6
16413,6
16414,6
16415,6
16416,6
16417,6
16418,6
16419,6
16420,6
16421,6
16422,6
16423,6
16424,6
16425,2
16426,6
16427,6
16428,6
16429,2
16430,6
16431,6
16432,6
16433,6
16434,6
16435,2
16436,2
16437,6
16438,6
16439,6
16440,6
16441,2
16442,6
16443,2
16444,6
16445,6
16446,6
16447,6
16448,6
16449,6
16450,2
16451,2
16452,6
16453,6
16454,6
16455,6
16456,6
16457,6
16458,6
16459,2
16460,6
16461,6
16462,2
16463,6
16464,6
16465,6
16466,6
16467,6
16468,6
16469,6
16470,6
16471,6
16472,6
16473,6
16474,2
16475,2
16476,6
16477,6
16478,6
16479,6
16480,2
16481,6
16482,6
16483,6
16484,6
16485,6
16486,6
16487,6
16488,6
16489,6
16490,2
16491,6
16492,6
16493,6
16494,6
16495,6
16496,6
16497,6
16498,6
16499,6
16500,6
16501,6
16502,6
16503,6
16504,6
16505,6
16506,6
16507,6
16508,6
16509,6
16510,6
16511,6
16512,6
16513,2
16514,6
16515,2
16516,6
16517,6
16518,6
16519,6
16520,6
16521,2
16522,6
16523,6
16524,6
16525,6
16526,6
16527,6
16528,6
16529,6
16530,6
16531,6
16532,2
16533,6
16534,6
16535,6
16536,6
16537,6
16538,6
16539,6
16540,6
16541,6
16542,6
16543,2
16544,6
16545,6
16546,6
16547,6
16548,6
16549,6
16550,6
16551,2
16552,6
16553,6
16554,6
16555,6
16556,6
16557,6
16558,6
16559,2
16560,6
16561,6
16562,6
16563,6
16564,6
16565,6
16566,6
16567,6
16568,2
16569,6
16570,6
16571,6
16572,6
16573,6
16574,6
16575,6
16576,6
16577,6
16578,6
16579,2
16580,6
16581,6
16582,6
16583,2
16584,6
16585,6
16586,6
16587,6
16588,6
16589,6
16590,6
16591,6
16592,6
16593,6
16594,6
16595,2
16596,6
16597,2
16598,6
16599,6
16600,2
16601,6
16602,6
16603,6
16604,6
16605,6
16606,6
16607,6
16608,6
16609,6
16610,6
16611,6
16612,6
16613,6
16614,6
16615,6
16616,6
16617,2
16618,6
16619,6
16620,2
16621,6
16622,6
16623,6
16624,6
16625,6
16626,6
16627,6
16628,6
16629,6
16630,6
16631,2
16632,2
16633,6
16634,6
16635,6
16636,6
16637,6
16638,6
16639,6
16640,6
16641,6
16642,6
16643,6
16644,6
16645,6
16646,6
16647,6
16648,6
16649,2
16650,6
16651,6
16652,2
16653,6
16654,6
16655,6
16656,6
16657,2
16658,6
16659,6
16660,6
16661,6
16662,6
16663,6
16664,6
16665,6
16666,6
16667,6
16668,6
16669,6
16670,6
16671,6
16672,2
16673,6
16674,2
16675,6
16676,6
16677,6
16678,6
16679,6
16680,6
16681,6
16682,6
16683,6
16684,6
16685,6
16686,6
16687,6
16688,6
16689,6
16690,6
16691,6
16692,6
16693,6
16694,6
16695,6
16696,6
16697,6
16698,6
16699,6
16700,6
16701,6
16702,6
16703,6
16704,6
16705,2
16706,6
16707,6
16708,6
16709,2
16710,6
16711,6
16712,6
16713,6
16714,6
16715,2
16716,2
16717,6
16718,6
16719,6
16720,6
16721,6
16722,6
16723,6
16724,6
16725,6
16726,6
16727,6
16728,6
16729,6
16730,6
16731,6
16732,6
16733,6
16734,6
16735,6
16736,6
16737,6
16738,6
16739,6
16740,6
16741,6
16742,6
16743,6
16744,6
16745,6
16746,6
16747,2
16748,6
16749,6
16750,6
16751,6
16752,6
16753,6
16754,6
16755,6
16756,6
16757,6
16758,2
16759,6
16760,2
16761,6
16762,6
16763,6
16764,6
16765,6
16766,6
16767,6
16768,2
16769,6
16770,6
16771,2
16772,6
16773,6
16774,6
16775,6
16776,6
16777,6
16778,6
16779,6
16780,6
16781,6
16782,6
16783,6
16784,6
16785,6
16786,6
16787,6
16788,6
16789,6
16790,2
16791,6
16792,6
16793,2
16794,6
16795,6
16796,6
16797,6
16798,6
16799,6
16800,6
16801,6
16802,6
16803,6
16804,6
16805,6
16806,6
16807,2
16808,6
16809,6
16810,6
16811,6
16812,6
16813,6
16814,6
16815,6
16816,6
16817,6
16818,6
16819,6
16820,6
16821,6
16822,6
16823,6
16824,6
16825,6
16826,6
16827,6
16828,2
16829,2
16830,6
16831,6
16832,2
16833,6
16834,6
16835,6
16836,6
16837,2
16838,6
16839,6
16840,6
16841,6
16842,6
16843,6
16844,6
16845,6
16846,6
16847,6
16848,6
16849,6
16850,6
16851,6
16852,6
16853,2
16854,6
16855,2
16856,6
16857,6
16858,6
16859,2
16860,6
16861,6
16862,6
16863,6
16864,6
16865,6
16866,2
16867,2
16868,6
16869,6
16870,6
16871,6
16872,6
16873,6
16874,6
16875,6
16876,6
16877,6
16878,6
16879,6
16880,6
16881,6
16882,6
16883,6
16884,6
16885,6
16886,6
16887,6
16888,6
16889,6
16890,6
16891,6
16892,6
16893,6
16894,6
16895,6
16896,6
16897,6
16898,6
16899,6
16900,6
16901,6
16902,6
16903,6
16904,6
16905,6
16906,6
16907,6
16908,6
16909,6
16910,6
16911,2
16912,6
16913,6
16914,6
16915,6
16916,6
16917,6
16918,6
16919,6
16920,6
16921,6
16922,6
16923,6
16924,6
16925,6
16926,6
16927,6
16928,6
16929,6
16930,6
16931,6
16932,6
16933,6
16934,6
16935,6
16936,6
16937,6
16938,6
16939,6
16940,6
16941,6
16942,6
16943,6
16944,6
16945,6
16946,6
16947,6
16948,6
16949,6
16950,6
16951,6
16952,2
16953,6
16954,6
16955,6
16956,6
16957,6
16958,6
16959,6
16960,6
16961,6
16962,6
16963,6
16964,2
16965,6
16966,6
16967,6
16968,6
16969,6
16970,6
16971,6
16972,6
16973,6
16974,6
16975,6
16976,2
16977,6
16978,2
16979,6
16980,6
16981,2
16982,6
16983,6
16984,2
16985,6
16986,6
16987,6
16988,6
16989,6
16990,6
16991,2
16992,6
16993,6
16994,6
16995,6
16996,6
16997,6
16998,6
16999,6
17000,6
17001,6
17002,6
17003,6
17004,6
17005,6
17006,6
17007,6
17008,2
17009,6
17010,6
17011,6
17012,6
17013,6
17014,6
17015,6
17016,6
17017,6
17018,2
17019,6
17020,6
17021,6
17022,6
17023,6
17024,6
17025,6
17026,6
17027,2
17028,2
17029,6
17030,6
17031,2
17032,6
17033,6
17034,6
17035,6
17036,6
17037,6
17038,6
17039,6
17040,6
17041,6
17042,6
17043,6
17044,6
17045,2
17046,6
17047,6
17048,2
17049,6
17050,6
17051,6
17052,6
17053,6
17054,6
17055,6
17056,6
17057,6
17058,6
17059,2
17060,6
17061,6
17062,6
17063,6
17064,6
17065,2
17066,2
17067,6
17068,6
17069,2
17070,6
17071,6
17072,6
17073,6
17074,6
17075,6
17076,6
17077,6
17078,6
17079,6
17080,6
17081,6
17082,6
17083,6
17084,2
17085,6
17086,2
17087,6
17088,6
17089,6
17090,6
17091,6
17092,6
17093,6
17094,6
17095,6
17096,6
17097,6
17098,6
17099,6
17100,6
17101,2
17102,6
17103,6
17104,2
17105,6
17106,6
17107,6
17108,6
17109,6
17110,6
17111,2
17112,6
17113,6
17114,6
17115,6
17116,6
17117,6
17118,6
17119,6
17120,6
17121,6
17122,6
17123,6
17124,6
17125,6
17126,6
17127,2
17128,6
17129,6
17130,2
17131,6
17132,6
17133,6
17134,6
17135,6
17136,6
17137,6
17138,6
17139,6
17140,6
17141,6
17142,6
17143,6
17144,6
17145,6
17146,6
17147,6
17148,6
17149,6
17150,6
17151,6
17152,6
17153,2
17154,6
17155,6
17156,6
17157,6
17158,6
17159,6
17160,6
17161,2
17162,6
17163,6
17164,6
17165,6
17166,6
17167,6
17168,6
17169,6
17170,6
17171,6
17172,6
17173,6
17174,6
17175,6
17176,6
17177,6
17178,6
17179,6
17180,6
17181,6
17182,6
17183,6
17184,6
17185,6
17186,6
17187,6
17188,6
17189,6
17190,6
17191,6
17192,6
17193,6
17194,6
17195,6
17196,6
17197,6
17198,6
17199,6
17200,6
17201,2
17202,6
17203,2
17204,6
17205,6
17206,6
17207,6
17208,6
17209,6
17210,6
17211,2
17212,6
17213,6
17214,6
17215,6
17216,6
17217,6
17218,6
17219,6
17220,6
17221,2
17222,6
17223,2
17224,6
17225,2
17226,6
17227,6
17228,6
17229,6
17230,2
17231,6
17232,6
17233,6
17234,6
17235,2
17236,6
17237,6
17238,6
17239,2
17240,6
17241,6
17242,6
17243,6
17244,2
17245,6
17246,6
17247,6
17248,6
17249,2
17250,6
17251,6
17252,6
17253,6
17254,6
17255,6
17256,6
17257,6
17258,6
17259,6
17260,6
17261,6
17262,6
17263,6
17264,6
17265,6
17266,6
17267,6
17268,6
17269,6
17270,6
17271,6
17272,2
17273,6
17274,6
17275,2
17276,6
17277,6
17278,6
17279,6
17280,2
17281,6
17282,6
17283,6
17284,2
17285,6
17286,6
17287,6
17288,6
17289,6
17290,2
17291,6
17292,6
17293,6
17294,6
17295,6
17296,6
17297,6
17298,6
17299,6
17300,6
17301,6
17302,6
17303,6
17304,6
17305,6
17306,6
17307,6
17308,6
17309,6
17310,6
17311,6
17312,6
17313,6
17314,6
17315,6
17316,6
17317,2
17318,6
17319,6
17320,2
17321,6
17322,6
17323,6
17324,6
17325,6
17326,6
17327,6
17328,6
17329,6
17330,6
17331,6
17332,6
17333,6
17334,6
17335,2
17336,6
17337,6
17338,6
17339,6
17340,6
17341,6
17342,6
17343,6
17344,6
17345,2
